eName,isPlanet,semimajorAxis,perihelion,aphelion,eccentricity,inclination,density,gravity,escape,meanRadius,equaRadius,polarRadius,flattening,dimension,sideralOrbit,sideralRotation,discoveryDate,mass_kg,volume,orbit_type,orbits,bondAlbido,geomAlbido,RV_abs,p_transit,transit_visibility,transit_depth,massj,semimajorAxis_AU,grav_int
Moon,FALSE,384400,363300,405500,0.0549,5.145,3.344,1.62,2380,33,1738.1,1736,0.0012,NA,27.3217,655.728,NA,7.35E+022,21968000000,Secondary,Earth,NA,NA,NA,1.81158949011446,326.086108220604,2.24586009581551E-09,3.86842105263158E-05,0.0025695552898,6.60632385457396E+025
Phobos,FALSE,9376,9234,9518,0.0151,1.075,1.9,0.0057,11.39,33,13,9.1,0,26.8 x 22.4 x 18.4,0.31891,0.7653,12/08/1877,1.06E+016,5783.61,Secondary,Mars,NA,NA,NA,74.2720776450512,13368.9739761092,2.24586009581551E-09,5.57894736842105E-12,6.2674688858389E-05,1.60143732563862E+022
Deimos,FALSE,23458,23456,23471,0.0002,1.075,1.75,0.003,5.556,33,7.8,5.1,0,15.0 x 12 x 10.4,1.26244,30.29856,12/08/1877,2400000000000000,9997.8,Secondary,Mars,NA,NA,NA,29.6860346150567,5343.48623071021,2.24586009581551E-09,1.26315789473684E-12,0.000156807044714,5.79253353221083E+020
Io,FALSE,421800,0,0,0.004,0.036,3.53,1.79,0,1821.5,0,0,0,NA,1.76914,42.4593,07/01/1610,8.93E+022,NA,Secondary,Jupiter,NA,NA,NA,1.65520033191086,297.936059743954,6.84247422469023E-06,4.7E-05,0.002819558848173,6.6661884501856E+025
Europa,FALSE,671100,0,0,0.009,0.466,3.01,1.31,0,1560.8,0,0,0,NA,3.55118,85.2293,08/01/1610,4.8E+022,NA,Secondary,Jupiter,NA,NA,NA,1.0399386082551,187.188949485919,5.02399654116275E-06,2.52631578947368E-05,0.004486026417754,1.41548749985595E+025
Ganymede,FALSE,1070400,0,0,0.001,0.177,1.94,1.428,0,2631.2,0,0,0,NA,7.15455,171.7093,11/01/1610,1.48E+023,NA,Secondary,Jupiter,NA,NA,NA,0.653001868460389,117.54033632287,1.42778409547379E-05,7.78947368421053E-05,0.007155182055676,1.71557138300701E+025
Callisto,FALSE,1882700,0,0,0.007,0.192,1.83,1.235,0,2410.3,0,0,0,NA,16.68902,400.536,07/01/1610,1.08E+023,NA,Secondary,Jupiter,NA,NA,NA,0.371143729749827,66.8058713549689,1.1981109034281E-05,5.68421052631579E-05,0.012585072175095,4.04669794647447E+024
Amalthea,FALSE,181400,181150,182840,0.003,0.38,3.1,0.02,0,84,0,0,0,125 x 73 x 64,0.49818,11.9563,09/09/1892,7.5E+018,NA,Secondary,Jupiter,NA,NA,NA,3.83917309812569,691.051157662624,1.45516885547054E-08,3.94736842105263E-09,0.00121258410398,3.02709448379564E+022
Himalia,FALSE,11461000,9782900,13082000,0.162,27.5,1,0.062,0,85,0,0,0,NA,250.5662,7.7808,03/12/1904,9.5E+018,NA,Secondary,Jupiter,NA,NA,NA,0.06076494197714,10.9376895558852,1.4900219643955E-08,5E-09,0.076612053008319,9.60545316898533E+018
Elara,FALSE,11741000,0,0,0.217,26.63,1,0.031,0,40,0,0,0,NA,259.6528,0,02/01/1905,8E+017,NA,Secondary,Jupiter,NA,NA,NA,0.059311983647049,10.6761570564688,3.29970262011461E-09,4.21052631578947E-10,0.078483737402554,7.70759860780489E+017
Pasiphae,FALSE,23624000,0,0,0.409,151.4,1,0.022,0,18,0,0,0,NA,743.6,0,27/01/1908,3E+017,NA,Secondary,Jupiter,NA,NA,NA,0.029476803250931,5.30582458516763,6.68189780573209E-10,1.57894736842105E-10,0.15791668617647,7.13926767695591E+016
Sinope,FALSE,23939000,0,0,0.25,158.1,1,0.014,0,14,0,0,0,NA,758.9,0,21/07/1914,8E+016,NA,Secondary,Jupiter,NA,NA,NA,0.029088767283512,5.23597811103221,4.0421357096404E-10,4.21052631578947E-11,0.160022331119984,1.85403213059867E+016
Lysithea,FALSE,11717000,0,0,0.112,28.3,1,0.013,0,12,0,0,0,NA,259.22,0,06/07/1938,8E+016,NA,Secondary,Jupiter,NA,NA,NA,0.059431083041734,10.6975949475122,2.96973235810315E-10,4.21052631578947E-11,0.078323307311619,7.73920598457744E+016
Carme,FALSE,23404000,0,0,0.253,164.9,1,0.017,0,15,0,0,0,NA,734.2,0,30/07/1938,1E+017,NA,Secondary,Jupiter,NA,NA,NA,0.029753760041019,5.35567680738335,4.64020680953617E-10,5.26315789473684E-11,0.156446077009571,2.42470607098439E+016
Ananke,FALSE,21276000,0,0,0.244,148.9,1,0.01,0,10,0,0,0,NA,629.8,0,28/09/1951,4E+016,NA,Secondary,Jupiter,NA,NA,NA,0.032729460424892,5.89130287648054,2.06231413757163E-10,2.10526315789474E-11,0.142221275613383,1.17359785415973E+016
Leda,FALSE,11165000,0,0,0.164,27.46,1,0.0073,0,5,0,0,0,NA,240.92,0,11/09/1974,6E+017,NA,Secondary,Jupiter,NA,NA,NA,0.062368741603224,11.2263734885804,5.15578534392908E-11,3.1578947368421E-10,0.074633415220127,6.39253440785322E+017
Thebe,FALSE,221900,218000,226000,0.018,1.08,1,0.02,0,49,0,0,0,58 x 49 x 42,0.6745,16.188,05/03/1979,8E+017,NA,Secondary,Jupiter,NA,NA,NA,3.13831004957188,564.895808922938,4.95161624430949E-09,4.21052631578947E-10,0.001483309882431,2.15781725322357E+021
Adrastea,FALSE,129000,0,0,0.002,0.054,1,0.002,0,8,0,0,0,10 x 8 x 7,0.29826,0.7158,08/07/1979,2000000000000000,NA,Secondary,Jupiter,NA,NA,NA,5.39806201550388,971.651162790698,1.31988104804585E-10,1.05263157894737E-12,0.000862311738773,1.59620936241812E+019
Metis,FALSE,128000,127974,128026,0.001,0.019,1,0.005,0,22,0,0,0,30 x 20 x 17,0.29478,0.7075,04/03/1979,1E+017,NA,Secondary,Jupiter,NA,NA,NA,5.44034375,979.261875,9.98160042584671E-10,5.26315789473684E-11,0.00085562715165,8.10623779296875E+020
Callirrhoe,FALSE,24102000,0,0,0.283,147.1,1,0.0031,0,4,0,0,0,NA,758.8,0,06/10/1999,870000000000000,NA,Secondary,Jupiter,NA,NA,NA,0.028891627250851,5.2004929051531,3.29970262011461E-11,4.57894736842105E-13,0.161111918820914,198908053353118
Themisto,FALSE,7507000,5909000,8874300,0.242,43.08,1,0.0029,0,4,0,0,0,NA,130.02,0,30/09/1975,690000000000000,NA,Secondary,Jupiter,NA,NA,NA,0.092759557746104,16.6967203942987,3.29970262011461E-11,3.63157894736842E-13,0.050181195526869,1626131032199085
Megaclite,FALSE,14146700,0,0,0.421,152.8,1,0,0,2.7,0,0,0,NA,752.8,0,23/11/2000,210000000000000,NA,Secondary,Jupiter,NA,NA,NA,0.049223119172669,8.86016145108046,1.50342700628972E-11,1.10526315789474E-13,0.094564848642595,139363256461462
Taygete,FALSE,23363000,0,0,0.252,165.2,1,0,0,2.5,0,0,0,NA,732.2,0,23/11/2000,160000000000000,NA,Secondary,Jupiter,NA,NA,NA,0.029805440225998,5.36497924067971,1.28894633598227E-11,8.42105263157895E-14,0.156172008937558,38931581249098.2
Chaldene,FALSE,23179000,0,0,0.251,165.2,1,0,0,1.9,0,0,0,NA,723.8,0,23/11/2000,75000000000000,NA,Secondary,Jupiter,NA,NA,NA,0.030042016480435,5.40756296647828,7.4449540366336E-12,3.94736842105263E-14,0.15494204490706,18540060677313.5
Harpalyke,FALSE,21104000,0,0,0.226,148.6,1,0,0,2.2,0,0,0,NA,623.3,0,23/11/2000,120000000000000,NA,Secondary,Jupiter,NA,NA,NA,0.032995839651251,5.93925113722517,9.98160042584671E-12,6.31578947368421E-14,0.141071526628353,35784171647714.8
Kalyke,FALSE,23564000,0,0,0.245,165.2,1,0,0,2.6,0,0,0,NA,743,0,23/11/2000,190000000000000,NA,Secondary,Jupiter,NA,NA,NA,0.029551205228314,5.31921694109659,1.39412435699842E-11,1E-13,0.157515610949134,45445914968415.2
Iocaste,FALSE,21272000,0,0,0.216,149.4,1,0,0,2.6,0,0,0,NA,631.5,0,23/11/2000,190000000000000,NA,Secondary,Jupiter,NA,NA,NA,0.032735267017676,5.89234806318165,1.39412435699842E-11,1E-13,0.142194537264894,55766865029834
Erinome,FALSE,23283000,0,0,0.266,164.9,1,0,0,1.6,0,0,0,NA,728.3,0,23/11/2000,45000000000000,NA,Secondary,Jupiter,NA,NA,NA,0.029907812567109,5.38340626207963,5.27952419218338E-12,2.36842105263158E-14,0.155637241967776,11024881144711.1
Isonoe,FALSE,23231000,0,0,0.246,165.2,1,0,0,1.9,0,0,0,NA,725.5,0,23/11/2000,75000000000000,NA,Secondary,Jupiter,NA,NA,NA,0.029974770780423,5.39545874047609,7.4449540366336E-12,3.94736842105263E-14,0.155289643437418,18457153858066.5
Praxidike,FALSE,21148000,0,0,0.23,149,1,0,0,3.4,0,0,0,NA,625.3,0,23/11/2000,430000000000000,NA,Secondary,Jupiter,NA,NA,NA,0.032927246075279,5.92690429355022,2.38403514303281E-11,2.26315789473684E-13,0.141365648461733,127693599959274
Autonoe,FALSE,24033000,0,0,0.334,152.9,1,0.0015,0,2,0,0,0,NA,715.4,0,10/12/2001,90000000000000,NA,Secondary,Jupiter,NA,NA,NA,0.028974493404902,5.21540881288229,8.24925655028653E-12,4.73684210526316E-14,0.160650682309478,20695018323092.5
Thyone,FALSE,21192000,0,0,0.229,148.5,1,0.0015,0,2,0,0,0,NA,627.3,0,11/12/2001,90000000000000,NA,Secondary,Jupiter,NA,NA,NA,0.032858814647037,5.91458663646659,8.24925655028653E-12,4.73684210526316E-14,0.141659770295113,26615700298452.3
Hermippe,FALSE,21300000,0,0,0.21,150.7,1,0.0015,0,2,0,0,0,NA,633.9,0,19/12/2001,90000000000000,NA,Secondary,Jupiter,NA,NA,NA,0.03269220657277,5.88459718309859,8.24925655028653E-12,4.73684210526316E-14,0.142381705704318,26346478873239.4
Aitne,FALSE,23315000,0,0,0.264,165.1,1,0.0012,0,1.5,0,0,0,NA,730.2,0,19/12/2001,45000000000000,NA,Secondary,Jupiter,NA,NA,NA,0.029866759596826,5.37601672742869,4.64020680953618E-12,2.36842105263158E-14,0.155851148755689,10994638460686.9
Eurydome,FALSE,23148000,0,0,0.276,150.3,1,0.0012,0,1.5,0,0,0,NA,723.9,0,19/12/2001,45000000000000,NA,Secondary,Jupiter,NA,NA,NA,0.030082231726283,5.41480171073095,4.64020680953618E-12,2.36842105263158E-14,0.15473482270627,11153851166918.1
Euanthe,FALSE,21038000,0,0,0.232,148.9,1,0.0012,0,1.5,0,0,0,NA,620.6,0,11/12/2001,45000000000000,NA,Secondary,Jupiter,NA,NA,NA,0.033099320277593,5.95787764996673,4.64020680953618E-12,2.36842105263158E-14,0.140630343878284,13503392486830.5
Euporie,FALSE,19339000,0,0,0.144,145.8,1,0,0,1,0,0,0,NA,553.1,0,11/12/2001,15000000000000,NA,Secondary,Jupiter,NA,NA,NA,0.036007187548477,6.48129375872589,2.06231413757163E-12,7.89473684210526E-15,0.129273230357549,5326752409279.86
Orthosie,FALSE,21164000,0,0,0.281,145.9,1,0.00081,0,1,0,0,0,NA,622.6,0,11/12/2001,15000000000000,NA,Secondary,Jupiter,NA,NA,NA,0.03290223965224,5.92240313740314,2.06231413757163E-12,7.89473684210526E-15,0.141472601855689,4447695349698.75
Sponde,FALSE,23790000,0,0,0.312,151,1,0.00081,0,1,0,0,0,NA,748.3,0,19/12/2001,15000000000000,NA,Secondary,Jupiter,NA,NA,NA,0.029270407734342,5.26867339218159,2.06231413757163E-12,7.89473684210526E-15,0.159026327638766,3519991815735.31
Kale,FALSE,23302000,0,0,0.26,165,1,0.00081,0,1,0,0,0,NA,729.5,0,19/12/2001,15000000000000,NA,Secondary,Jupiter,NA,NA,NA,0.029883400566475,5.3790121019655,2.06231413757163E-12,7.89473684210526E-15,0.155764249123099,3668969841652.78
Pasithee,FALSE,23090000,0,0,0.267,165.1,1,0.00081,0,1,0,0,0,NA,716.3,0,11/12/2001,15000000000000,NA,Secondary,Jupiter,NA,NA,NA,0.030157773928107,5.42839930705933,2.06231413757163E-12,7.89473684210526E-15,0.154347116653178,3736652161003.67
Hegemone,FALSE,23566000,0,0,0.328,155.2,1,0,0,2,0,0,0,NA,739.6,0,2003,45000000000000,NA,Secondary,Jupiter,NA,NA,NA,0.029548671815327,5.31876092675889,8.24925655028653E-12,2.36842105263158E-14,0.157528980123378,10761679299120.1
Mneme,FALSE,21036000,0,0,0.227,148.6,1,0,0,2,0,0,0,NA,620,0,2003,15000000000000,NA,Secondary,Jupiter,NA,NA,NA,0.033102490967865,5.95844837421563,8.24925655028653E-12,7.89473684210526E-15,0.140616974704039,4501986760641.88
Aoede,FALSE,23969000,0,0,0.432,158.3,1,0,0,2,0,0,0,NA,761.5,0,2003,90000000000000,NA,Secondary,Jupiter,NA,NA,NA,0.029051858650757,5.2293345571363,8.24925655028653E-12,4.73684210526316E-14,0.160222868733652,20805682049704
Thelxinoe,FALSE,21165000,0,0,0.221,151.4,1,0,0,2,0,0,0,NA,628.1,0,2003,15000000000000,NA,Secondary,Jupiter,NA,NA,NA,0.032900732341129,5.92213182140326,8.24925655028653E-12,7.89473684210526E-15,0.141479286442812,4447275071855.35
Arche,FALSE,23355000,0,0,0.259,165,1,0.0012,0,1.5,0,0,0,NA,762.7,0,31/10/2002,41500000000000,NA,Secondary,Jupiter,NA,NA,NA,0.029815606936416,5.36680924855491,4.64020680953618E-12,2.18421052631579E-14,0.15611853224058,10104797907402.3
Kallichore,FALSE,23273000,0,0,0.264,165.5,1,0,0,2,0,0,0,NA,764.7,0,2003,15000000000000,NA,Secondary,Jupiter,NA,NA,NA,0.029920680617024,5.38572251106432,8.24925655028653E-12,7.89473684210526E-15,0.155570396096554,3678119192135.89
Helike,FALSE,21064000,0,0,0.156,154.8,1,0,0,4,0,0,0,NA,634.8,0,2003,90000000000000,NA,Secondary,Jupiter,NA,NA,NA,0.033058583364983,5.95054500569692,3.29970262011461E-11,4.73684210526316E-14,0.140804143143463,26940155363957.6
Carpo,FALSE,17078000,0,0,0.43,51.4,1,0,0,3,0,0,0,NA,456.1,0,2003,45000000000000,NA,Secondary,Jupiter,NA,NA,NA,0.040774388101651,7.33938985829722,1.85608272381447E-11,2.36842105263158E-14,0.114159378874101,20491689851463.2
Eukelade,FALSE,23322000,0,0,0.272,165.5,1,0,0,4,0,0,0,NA,746.4,0,2003,90000000000000,NA,Secondary,Jupiter,NA,NA,NA,0.029857902409742,5.37442243375354,3.29970262011461E-11,4.73684210526316E-14,0.155897940865545,21976078924762.2
Cyllene,FALSE,23787000,0,0,0.319,149.3,1,0,0,1,0,0,0,NA,737.8,0,2003,15000000000000,NA,Secondary,Jupiter,NA,NA,NA,0.029274099297936,5.26933787362845,2.06231413757163E-12,7.89473684210526E-15,0.1590062738774,3520879749594.61
Kore,FALSE,24486000,0,0,0.325,145,1,0,0,1,0,0,0,NA,779.2,0,2003,15000000000000,NA,Secondary,Jupiter,NA,NA,NA,0.02843841378747,5.11891448174467,2.06231413757163E-12,7.89473684210526E-15,0.163678800275865,3322728430568.26
Herse,FALSE,23405000,0,0,0.2,164.2,1,0,0,2,0,0,0,NA,717.3,0,2003,15000000000000,NA,Secondary,Jupiter,NA,NA,NA,0.029751933347575,5.35534800256356,8.24925655028653E-12,7.89473684210526E-15,0.156452761596693,3636748319772.2
S/2003 J 2,FALSE,28332000,0,0,0.38,151.8,1,0,0,1,0,0,0,NA,982.5,0,2003,15000000000000,NA,Secondary,Jupiter,NA,NA,NA,0.024577968374982,4.42403430749682,2.06231413757163E-12,7.89473684210526E-15,0.18938772234811,2481853096248.55
Eupheme,FALSE,20230000,0,0,0.253,148,1,0,0,1,0,0,0,NA,504,0,2003,15000000000000,NA,Secondary,Jupiter,NA,NA,NA,0.034421304992585,6.19583489866535,2.06231413757163E-12,7.89473684210526E-15,0.135229197483491,4867867765872.89
S/2003 J 4,FALSE,23928000,0,0,0.204,144.9,1,0,0,1,0,0,0,NA,723.2,0,2003,15000000000000,NA,Secondary,Jupiter,NA,NA,NA,0.029101596456035,5.23828736208626,2.06231413757163E-12,7.89473684210526E-15,0.159948800661639,3479507185883.96
Eirene,FALSE,23493000,0,0,0.22,163.1,1,0,0,2,0,0,0,NA,759.7,0,2003,90000000000000,NA,Secondary,Jupiter,NA,NA,NA,0.029640488656196,5.33528795811518,8.24925655028653E-12,4.73684210526316E-14,0.157041005263453,21657325846980
S/2003 J 9,FALSE,23385000,0,0,0.269,164.5,1,0,0,0.5,0,0,0,NA,683,0,2003,1500000000000,NA,Secondary,Jupiter,NA,NA,NA,0.029777314517853,5.3599166132136,5.15578534392908E-13,7.89473684210526E-16,0.156319069854248,364297163126.695
S/2003 J 10,FALSE,23042000,0,0,0.214,164.1,1,0,0,1,0,0,0,NA,767,0,2003,15000000000000,NA,Secondary,Jupiter,NA,NA,NA,0.030220597170385,5.43970749066921,2.06231413757163E-12,7.89473684210526E-15,0.15402625647131,3752236408909.19
S/2003 J 12,FALSE,17835000,0,0,0.376,145.8,1,0,0,0.5,0,0,0,NA,533.3,0,2003,1000000000000,NA,Secondary,Jupiter,NA,NA,NA,0.03904359405663,7.02784693019344,5.15578534392908E-13,5.26315789473684E-16,0.119219611325658,417535158791.743
Philophrosyne,FALSE,22622000,0,0,0.194,143.6,1,0,0,1,0,0,0,NA,668.4,0,2003,15000000000000,NA,Secondary,Jupiter,NA,NA,NA,0.030781672707983,5.54070108743701,2.06231413757163E-12,7.89473684210526E-15,0.151218729879957,3892857815891.41
S/2003 J 16,FALSE,20948000,0,0,0.23,148.5,1,0,0,1,0,0,0,NA,595.4,0,2003,15000000000000,NA,Secondary,Jupiter,NA,NA,NA,0.033241502768761,5.98347049837693,2.06231413757163E-12,7.89473684210526E-15,0.140028731037279,4539890806477.56
S/2003 J 18,FALSE,20494000,0,0,0.105,146.4,1,0,0,1,0,0,0,NA,606.3,0,2003,15000000000000,NA,Secondary,Jupiter,NA,NA,NA,0.033977895969552,6.11602127451937,2.06231413757163E-12,7.89473684210526E-15,0.13699392848377,4743261562372.22
S/2003 J 19,FALSE,23532000,0,0,0.334,162.9,1,0,0,1,0,0,0,NA,701.3,0,2003,15000000000000,NA,Secondary,Jupiter,NA,NA,NA,0.02959132245453,5.3264380418154,2.06231413757163E-12,7.89473684210526E-15,0.157301704161221,3597599865748.58
S/2003 J 23,FALSE,23549000,0,0,0.309,149.2,1,0.00081,0,1,0,0,0,NA,759.7,0,2003,15000000000000,NA,Secondary,Jupiter,NA,NA,NA,0.029569960507877,5.32259289141789,2.06231413757163E-12,7.89473684210526E-15,0.1574153421423,3592407532967.12
Mimas,FALSE,185539,181770,189270,0.0202,1.53,1.15,0,0,396.4,0,0,0,415x394x381,0.94,22.56,17/09/1789,3.79E+019,NA,Secondary,Saturn,NA,NA,NA,3.75521265070955,675.93827712772,3.24057524886478E-07,1.99473684210526E-08,0.001240251610079,1.46220432985923E+023
Enceladus,FALSE,238037,236830,239066,0.0045,0,1.61,0,0,504.2,0,0,0,NA,1.37,32.88,28/08/1789,1.08E+020,NA,Secondary,Saturn,NA,NA,NA,2.92747009918626,526.944617853527,5.24276632992096E-07,5.68421052631579E-08,0.001591179064823,2.53147765253144E+023
Tethys,FALSE,294672,294589,294648,0,1.86,0.985,0,0,1066,0,0,0,NA,1.89,45.312,21/03/1684,6.18E+020,NA,Secondary,Saturn,NA,NA,NA,2.36672639409241,426.010750936635,2.34352304411435E-06,3.25263157894737E-07,0.001969760656493,9.45257239718189E+023
Dione,FALSE,377415,376580,378260,0.0022,0.02,1.48,0,0,1123.4,0,0,0,NA,2.74,0,21/03/1684,1.1E+021,NA,Secondary,Saturn,NA,NA,NA,1.84800657101599,332.641182782878,2.60269727899303E-06,5.78947368421053E-07,0.002522863448751,1.02563693058932E+024
Rhea,FALSE,527068,526543,527597,0.001,0.35,1.24,0,0,1528.6,0,0,0,NA,4.518,108.432,23/12/1672,2.3E+021,NA,Secondary,Saturn,NA,NA,NA,1.32406179088846,238.331122359923,4.81884025301179E-06,1.21052631578947E-06,0.00352323196536,1.09959768173441E+024
Titan,FALSE,1221865,1186680,1257060,0.0292,0.33,1.88,0,0,2575,0,0,0,NA,15.95,382.8,25/03/1655,1.35E+023,NA,Secondary,Saturn,NA,NA,NA,0.572008364262828,102.961505567309,1.36744316784359E-05,7.10526315789473E-05,0.008167663044151,1.20095462154582E+025
Hyperion,FALSE,1500934,1466112,1535756,0.1042,0.43,0.55,0,0,266,0,0,0,328x260x214,21.28,0,16/09/1848,5.6E+018,NA,Secondary,Saturn,NA,NA,NA,0.464116343556745,83.5409418402142,1.45921099118018E-07,2.94736842105263E-09,0.010033124087775,3.30144536446804E+020
Iapetus,FALSE,3560851,3460068,3661612,0.0283,14.72,1.09,0,0,1471.2,0,0,0,NA,79.33,1735.92,25/10/1671,1.81E+021,NA,Secondary,Saturn,NA,NA,NA,0.195968098637095,35.2742577546772,4.46373343388825E-06,9.52631578947368E-07,0.023802818738917,1.89587740486541E+022
Phoebe,FALSE,12947913,0,0,0.164,174.8,1.64,0,0,214.4,0,0,0,230x220x210,548.2,9.2736,17/03/1899,8.29E+018,NA,Secondary,Saturn,NA,NA,NA,0.053796808798453,9.68342558372149,9.47991363948448E-08,4.36315789473684E-09,0.086551452500052,6.56741202837034E+018
Janus,FALSE,151460,0,0,0.007,0.14,0.63,0,0,33,0,0,0,195x194x152,0.7,0,15/12/1966,1.9E+018,NA,Secondary,Saturn,NA,NA,NA,4.5977485804833,827.594744486993,2.24586009581551E-09,1E-09,0.001012447565539,1.10001086480254E+022
Epimetheus,FALSE,151410,0,0,0.009,0.34,0.64,0,0,113.4,0,0,0,116x117x106,0.69,0,18/12/1966,5.3E+017,NA,Secondary,Saturn,NA,NA,NA,4.59979789974242,827.963621953636,2.65204523909507E-08,2.78947368421053E-10,0.001012113336183,3.07047827867793E+021
Helene,FALSE,377420,0,0,0.005,0,1.3,0,0,33,0,0,0,39x37x25,2.74,0,01/03/1980,2.4E+016,NA,Secondary,Saturn,NA,NA,NA,1.84509299984103,332.116739971385,2.24586009581551E-09,1.26315789473684E-11,0.002522896871687,2.23769401269857E+019
Telesto,FALSE,294710,0,0,0.001,1.158,1,0,0,33,0,0,0,30x23x14,1.89,0,08/04/1980,1E+016,NA,Secondary,Saturn,NA,NA,NA,2.36291608700078,425.324895660141,2.24586009581551E-09,5.26315789473684E-12,0.001970014670804,1.52914804514995E+019
Calypso,FALSE,294710,0,0,0.001,1.473,1,0,0,33,0,0,0,31x24x21,1.89,0,13/03/1980,6500000000000000,NA,Secondary,Saturn,NA,NA,NA,2.36291608700078,425.324895660141,2.24586009581551E-09,3.42105263157895E-12,0.001970014670804,9.93946229347469E+018
Atlas,FALSE,137670,0,0,0,0.3,0.5,0,0,33,0,0,0,42x36x18,0.602,0,12/11/1980,7000000000000000,NA,Secondary,Saturn,NA,NA,NA,5.05829156679015,910.492482022227,2.24586009581551E-09,3.68421052631579E-12,0.000920267109123,4.90522229932336E+019
Prometheus,FALSE,139380,0,0,0.00204,0,0.48,0,0,33,0,0,0,133x79x61,0.613,0,??/10/1980,1.6E+017,NA,Secondary,Saturn,NA,NA,NA,4.99623331898407,899.321997417133,2.24586009581551E-09,8.42105263157895E-11,0.000931697753102,1.09385143534099E+021
Pandora,FALSE,141720,0,0,0.0042,0,0.49,0,0,33,0,0,0,103x80x64,0.629,0,??/10/1980,1.4E+017,NA,Secondary,Saturn,NA,NA,NA,4.9137383573243,884.472904318374,2.24586009581551E-09,7.36842105263158E-11,0.000947339686968,9.25774101162214E+020
Pan,FALSE,133580,0,0,0,0,0.42,0,0,33,0,0,0,35x32x21,0.575,0,22/08/1981,4950000000000000,NA,Secondary,Saturn,NA,NA,NA,5.21316813894296,938.370265009732,2.24586009581551E-09,2.60526315789474E-12,0.000892927147793,3.68435610395659E+019
Ymir,FALSE,23140400,0,0,0.187,167.9,1,0,0,9,0,0,0,NA,1315.4,0,07/08/2000,3970000000000000,NA,Secondary,Saturn,NA,NA,NA,0.030092435740091,5.41663843321637,1.67047445143302E-10,2.08947368421053E-12,0.154684019844141,984664004048878
Paaliaq,FALSE,15024000,6908035,23139965,0.364,47.2,1,0,0,10,0,0,0,NA,686.9,0,07/08/2000,7250000000000000,NA,Secondary,Saturn,NA,NA,NA,0.046349307774228,8.34287539936102,2.06231413757163E-10,3.81578947368421E-12,0.100429236924961,4265855453071323
Tarvos,FALSE,18263200,0,0,0.531,33.8,1,0,0,7,0,0,0,NA,926.2,0,23/09/2000,2300000000000000,NA,Secondary,Saturn,NA,NA,NA,0.038128531692146,6.86313570458627,1.0105339274101E-10,1.21052631578947E-12,0.122081951531413,915826834475457
Ijiraq,FALSE,11367400,0,0,0.316,49.1,1,0,0,5,0,0,0,NA,451.4,0,23/09/2000,1180000000000000,NA,Secondary,Saturn,NA,NA,NA,0.061258247268505,11.0264845083308,5.15578534392908E-11,6.21052631578947E-13,0.075986375653674,1.21282740388046E+015
Suttungr,FALSE,19476700,0,0,0.114,175.8,1,0,0,3,0,0,0,NA,1016.7,0,23/09/2000,230000000000000,NA,Secondary,Saturn,NA,NA,NA,0.035752719916618,6.4354895849913,1.85608272381447E-11,1.21052631578947E-13,0.130193698004286,80526044180309.1
Kiviuq,FALSE,11311100,0,0,0.334,48.7,1,0,0,7,0,0,0,NA,449.2,0,07/08/2000,2790000000000000,NA,Secondary,Saturn,NA,NA,NA,0.061563331594628,11.0813996870331,1.0105339274101E-10,1.46842105263158E-12,0.075610033398691,2896235003851663
Mundilfari,FALSE,18667900,0,0,0.21,169.4,1,0,0,3,0,0,0,NA,952.6,0,23/09/2000,230000000000000,NA,Secondary,Saturn,NA,NA,NA,0.03730173184986,6.71431173297479,1.85608272381447E-11,1.21052631578947E-13,0.124787203939795,87654896878424.1
Albiorix,FALSE,16401100,0,0,0.469,34,1,0,0,13,0,0,0,NA,783.5,13.32,09/11/2000,2.23E+016,NA,Secondary,Saturn,NA,NA,NA,0.0424578229509,7.64240813116193,3.48531089249606E-10,1.17368421052632E-11,0.109634581851037,1.10102755648988E+016
Skathi,FALSE,15614300,0,0,0.27,148.5,1,0,0,3,0,0,0,NA,728.2,0,23/09/2000,350000000000000,NA,Secondary,Saturn,NA,NA,NA,0.044596619765215,8.02739155773874,1.85608272381447E-11,1.84210526315789E-13,0.104375148703236,190661183506170
Erriapus,FALSE,17611400,0,0,0.474,34.6,1,0,0,4,0,0,0,NA,871.2,0,23/09/2000,680000000000000,NA,Secondary,Saturn,NA,NA,NA,0.039539502822036,7.11711050796643,3.29970262011461E-11,3.57894736842105E-13,0.117724937645119,291179254091111
Siarnaq,FALSE,18015400,0,0,0.295,45.6,1,0,0,16,0,0,0,NA,895.6,0,23/09/2000,4.35E+016,NA,Secondary,Saturn,NA,NA,NA,0.038653485351422,6.95762736325588,5.27952419218338E-10,2.28947368421053E-11,0.120425510842515,1.78008490359417E+016
Thrymr,FALSE,20439600,0,0,0.47,175,1,0,0,3,0,0,0,NA,1094.3,0,23/09/2000,230000000000000,NA,Secondary,Saturn,NA,NA,NA,0.034068425996595,6.13231667938707,1.85608272381447E-11,1.21052631578947E-13,0.136630286944318,73117667691422.9
Narvi,FALSE,19417300,0,0,0.431,145.8,1,0,0,3,0,0,0,NA,1003.9,0,05/02/2003,230000000000000,NA,Secondary,Saturn,NA,NA,NA,0.035862092051933,6.45517656934795,1.85608272381447E-11,1.21052631578947E-13,0.129796633529223,81019476666392
Methone,FALSE,194440,194421,194459,0,0,1,0,0,1.6,0,0,0,NA,1.01,0,01/06/2004,20000000000000,NA,Secondary,Saturn,NA,NA,NA,3.58127751491463,644.629952684633,5.27952419218338E-12,1.05263157894737E-14,0.001299751120054,7.02583667131188E+016
Pallene,FALSE,212280,0,0,0,0,1,0,0,33,0,0,0,5x4x4,1.14,0,01/06/2004,60000000000000,NA,Secondary,Saturn,NA,NA,NA,3.28045505935557,590.481910684002,2.24586009581551E-09,3.1578947368421E-14,0.001419004154315,1.76836687532481E+017
Polydeuces,FALSE,377200,0,0,0,0,1,0,0,2,0,0,0,3x2x2,2.74,0,21/10/2004,10000000000000,NA,Secondary,Saturn,NA,NA,NA,1.84608695652174,332.295652173913,8.24925655028653E-12,5.26315789473684E-15,0.00252142626252,9.33460425595081E+015
Daphnis,FALSE,136500,0,0,0,0,0.34,0,0,33,0,0,0,9x8x6,0.594,0,01/05/2009,100000000000000,NA,Secondary,Saturn,NA,NA,NA,5.10164835164835,918.296703296703,2.24586009581551E-09,5.26315789473684E-14,0.00091244614219,7.12810315447678E+017
Aegir,FALSE,20749800,0,0,0.252,166.7,1,0,0,3,0,0,0,NA,1116.5,0,12/12/2004,150000000000000,NA,Secondary,Saturn,NA,NA,NA,0.033559118642107,6.04064135557933,1.85608272381447E-11,7.89473684210526E-14,0.138703845869646,46270341801680.7
Bebhionn,FALSE,17117800,0,0,0.469,35,1,0,0,3,0,0,0,NA,834.8,0,12/12/2004,150000000000000,NA,Secondary,Saturn,NA,NA,NA,0.040679584993399,7.32232529881176,1.85608272381447E-11,7.89473684210526E-14,0.114425425441567,67988372002407.7
Bergelmir,FALSE,19338300,0,0,0.142,158.5,1,0,0,3,0,0,0,NA,1005.9,0,12/12/2004,150000000000000,NA,Secondary,Saturn,NA,NA,NA,0.036008594343867,6.48154698189603,1.85608272381447E-11,7.89473684210526E-14,0.129268551146564,53271380475388.6
Bestla,FALSE,20278000,0,0,0.521,145.2,1,0,0,3,0,0,0,NA,1083.6,0,13/12/2004,230000000000000,NA,Secondary,Saturn,NA,NA,NA,0.034339925041917,6.18118650754512,1.85608272381447E-11,1.21052631578947E-13,0.13555005766536,74287693981947.6
Farbauti,FALSE,20387000,0,0,0.206,156.4,1,0,0,3,0,0,0,NA,1086.1,0,12/12/2004,90000000000000,NA,Secondary,Saturn,NA,NA,NA,0.034156325109138,6.14813851964487,1.85608272381447E-11,4.73684210526316E-14,0.136278677661687,28759090160358.6
Fenrir,FALSE,22454800,0,0,0.136,164.9,1,0,0,2,0,0,0,NA,1260.3,0,13/12/2004,50000000000000,NA,Secondary,Saturn,NA,NA,NA,0.031010919714271,5.58196554856868,8.24925655028653E-12,2.63157894736842E-14,0.150101066913113,13170155435062.8
Fornjot,FALSE,25151200,0,0,0.206,170.4,1,0,0,3,0,0,0,NA,1490.9,0,12/12/2004,150000000000000,NA,Secondary,Saturn,NA,NA,NA,0.027686352937434,4.98354352873819,1.85608272381447E-11,7.89473684210526E-14,0.168125387629598,31492933518069.4
Hati,FALSE,19775000,0,0,0.372,165.8,1,0,0,3,0,0,0,NA,1038.7,0,12/12/2004,150000000000000,NA,Secondary,Saturn,NA,NA,NA,0.035213400758534,6.33841213653603,1.85608272381447E-11,7.89473684210526E-14,0.132187710342859,50944529240939.1
Hyrrokkin,FALSE,18437300,0,0,0.333,151.4,1,0,0,4,0,0,0,NA,931.8,0,12/12/2004,350000000000000,NA,Secondary,Saturn,NA,NA,NA,0.037768328334409,6.79829910019363,3.29970262011461E-11,1.84210526315789E-13,0.1232457381494,136745385048971
Kari,FALSE,22077100,0,0,0.478,156.3,1,0,0,3,0,0,0,NA,1233.6,0,12/12/2004,230000000000000,NA,Secondary,Saturn,NA,NA,NA,0.031541506810224,5.67747122584035,1.85608272381447E-11,1.21052631578947E-13,0.147576298357033,62673372510071.4
Loge,FALSE,23065500,0,0,0.335,173.1,1,0,0,3,0,0,0,NA,1312,0,13/12/2004,150000000000000,NA,Secondary,Saturn,NA,NA,NA,0.030189893997529,5.43418091955518,1.85608272381447E-11,7.89473684210526E-14,0.154183344268683,37445944643337.6
Skoll,FALSE,17663300,0,0,0.464,161.2,1,0,0,3,0,0,0,NA,878.3,0,12/12/2004,150000000000000,NA,Secondary,Saturn,NA,NA,NA,0.039423267452854,7.09618814151376,1.85608272381447E-11,7.89473684210526E-14,0.118071867716764,63853814660109.5
Surtur,FALSE,22920400,0,0,0.451,177.5,1,0,0,3,0,0,0,NA,1297.7,0,12/12/2004,150000000000000,NA,Secondary,Saturn,NA,NA,NA,0.030381014292944,5.46858257272997,1.85608272381447E-11,7.89473684210526E-14,0.153213410677242,37921556320557.8
Anthe,FALSE,197700,0,0,0.001,0.1,1,0,0,1,0,0,0,NA,1.04,0,30/05/2007,5000000000000,NA,Secondary,Saturn,NA,NA,NA,3.52222053616591,633.999696509864,2.06231413757163E-12,2.63157894736842E-15,0.001321542874072,1.69901003676831E+016
Jarnsaxa,FALSE,19356400,0,0,0.216,163.3,1,0,0,3,0,0,0,NA,964.7,0,05/01/2006,100000000000000,NA,Secondary,Saturn,NA,NA,NA,0.035974923022876,6.47548614411771,1.85608272381447E-11,5.26315789473684E-14,0.129389542173477,35447866569085.9
Greip,FALSE,18442200,0,0,0.326,179.8,1,0,0,3,0,0,0,NA,921.2,0,05/01/2006,150000000000000,NA,Secondary,Saturn,NA,NA,NA,0.03775823925562,6.79648306601165,1.85608272381447E-11,7.89473684210526E-14,0.123278492626299,58574026961600.7
Tarqeq,FALSE,17909900,0,0,0.16,46.1,1,0,0,3,0,0,0,NA,887.5,0,05/01/2006,230000000000000,NA,Secondary,Saturn,NA,NA,NA,0.038880451593811,6.99848128688602,1.85608272381447E-11,1.21052631578947E-13,0.119720286901116,95231536796871.3
Aegaeon,FALSE,167500,0,0,0.0002,0.001,1,0,0,0.5,0,0,0,NA,0.808,19.63,15/08/2008,100000000000,NA,Secondary,Saturn,NA,NA,NA,4.15726865671642,748.308358208955,5.15578534392908E-13,5.26315789473684E-17,0.00111966834298,473379728224549
S/2004 S 7,FALSE,21005800,0,0,0.58,165.1,1,0,0,3,0,0,0,NA,1103,0,12/12/2004,150000000000000,NA,Secondary,Saturn,NA,NA,NA,0.033150129964105,5.96702339353893,1.85608272381447E-11,7.89473684210526E-14,0.140415100172947,45149410623007
S/2004 S 12,FALSE,19867500,0,0,0.401,164,1,0,0,3,0,0,0,NA,1048,0,12/12/2004,90000000000000,NA,Secondary,Saturn,NA,NA,NA,0.035049452623632,6.30890147225368,1.85608272381447E-11,4.73684210526316E-14,0.132806034651668,30282752339572.4
S/2004 S 13,FALSE,18408700,0,0,0.273,167.4,1,0,0,3,0,0,0,NA,906,0,12/12/2004,150000000000000,NA,Secondary,Saturn,NA,NA,NA,0.037826951387116,6.80885124968086,1.85608272381447E-11,7.89473684210526E-14,0.123054558957703,58787405997392.2
S/2004 S 17,FALSE,19449900,0,0,0.259,166.6,1,0,0,2,0,0,0,NA,986,0,13/12/2004,50000000000000,NA,Secondary,Saturn,NA,NA,NA,0.03580193214361,6.4443477858498,8.24925655028653E-12,2.63157894736842E-14,0.130014551069409,17553937086431.4
S/2006 S 1,FALSE,18797400,0,0,0.13,154.2,1,0,0,3,0,0,0,NA,970,0,04/01/2006,100000000000000,NA,Secondary,Saturn,NA,NA,NA,0.037044750869801,6.66805515656421,1.85608272381447E-11,5.26315789473684E-14,0.125652857972129,37587523489714.5
S/2006 S 3,FALSE,22100100,0,0,0.471,150.8,1,0,0,3,0,0,0,NA,1142,0,05/01/2006,150000000000000,NA,Secondary,Saturn,NA,NA,NA,0.031508680956195,5.67156257211506,1.85608272381447E-11,7.89473684210526E-14,0.147730043860845,40788906272652.9
S/2007 S 2,FALSE,16723300,0,0,0.218,176.7,1,0,0,3,0,0,0,NA,800,0,01/05/2007,150000000000000,NA,Secondary,Saturn,NA,NA,NA,0.041639209964541,7.49505779361729,1.85608272381447E-11,7.89473684210526E-14,0.111788355821832,71233876083028
S/2007 S 3,FALSE,18981900,0,0,0.13,177.2,1,0,0,3,0,0,0,NA,1100,0,01/05/2007,150000000000000,NA,Secondary,Saturn,NA,NA,NA,0.036684683830386,6.60324308946944,1.85608272381447E-11,7.89473684210526E-14,0.126886164296187,55290583794420.1
S/2009 S 1,FALSE,117000,0,0,0,0,1,0,0,0.3,0,0,0,NA,0.4715,0,26/07/2009,100000000000,NA,Secondary,Saturn,NA,NA,NA,5.95164358974359,1071.29584615385,1.85608272381447E-13,5.26315789473684E-17,0.000782096693305,970214040470451
Ariel,FALSE,190900,190670,191130,0.0012,0.04,1.59,0,0,581.1,0,0,0,NA,2.52038,60.4891,24/10/1851,1.29E+021,NA,Secondary,Uranus,NA,NA,NA,3.65072341540073,657.130214772132,6.96396484118745E-07,6.78947368421053E-07,0.001276087681641,4.70129098167787E+024
Umbriel,FALSE,266000,265100,267500,0.0039,0.13,1.46,0,0,584.7,0,0,0,NA,4.14418,99.499,24/10/1851,1.22E+021,NA,Secondary,Uranus,NA,NA,NA,2.62002518796992,471.604533834586,7.05051769076437E-07,6.42105263157895E-07,0.001778100174523,2.29000186556617E+024
Titania,FALSE,436300,435800,436800,0.0011,0.08,1.66,0,0,788.9,0,0,0,NA,8.70587,208.9408,11/01/1787,3.42E+021,NA,Secondary,Uranus,NA,NA,NA,1.59782466192986,287.608439147376,1.28350844668746E-06,1.8E-06,0.002916485361446,2.38613471302368E+024
Oberon,FALSE,583500,582702,584336,0.0014,0.07,1.56,0,0,761.4,0,0,0,NA,13.46323,323.1176,11/01/1787,2.88E+021,NA,Secondary,Uranus,NA,NA,NA,1.19469305912596,215.044750642674,1.19558529248184E-06,1.51578947368421E-06,0.003900456585844,1.12344042135593E+024
Miranda,FALSE,129900,129703,130041,0.0013,4.34,1.2,0,0,240,0,0,0,NA,1.41348,33.9235,16/02/1948,6.6E+019,NA,Secondary,Uranus,NA,NA,NA,5.3624480369515,965.24064665127,1.18789294324126E-07,3.47368421052632E-08,0.000868327867183,5.19475311440493E+023
Cordelia,FALSE,49800,0,0,0.0003,0.08,1,0,0,20,0,0,0,NA,0.33503,0,20/01/1986,4.5E+016,NA,Secondary,Uranus,NA,NA,NA,13.9831726907631,2516.97108433735,8.24925655028653E-10,2.36842105263158E-11,0.000332892438689,2.40986717956162E+021
Ophelia,FALSE,53800,0,0,0.0099,0.1,1,0,0,21,0,0,0,NA,0.3764,0,20/01/1986,5.4E+016,NA,Secondary,Uranus,NA,NA,NA,12.9435501858736,2329.83903345725,9.0948053466909E-10,2.84210526315789E-11,0.000359630787178,2.47781277207335E+021
Bianca,FALSE,59200,0,0,0.0009,0.19,1,0,0,27,0,0,0,NA,0.43458,0,23/01/1986,9.2E+016,NA,Secondary,Uranus,NA,NA,NA,11.7629898648649,2117.33817567568,1.50342700628972E-09,4.8421052631579E-11,0.000395727557638,3.48645201789627E+021
Cressida,FALSE,61800,0,0,0.0004,0.01,1,0,0,41,0,0,0,NA,0.46357,0,09/01/1986,3.4E+017,NA,Secondary,Uranus,NA,NA,NA,11.2683333333333,2028.3,3.46675006525792E-09,1.78947368421053E-10,0.000413107484156,1.1823369047245E+022
Desdemona,FALSE,62700,0,0,0.0001,0.11,1,0,0,35,0,0,0,NA,0.47365,0,13/01/1986,1.8E+017,NA,Secondary,Uranus,NA,NA,NA,11.1064912280702,1999.16842105263,2.52633481852525E-09,9.47368421052632E-11,0.000419123612566,6.08102378608548E+021
Juliet,FALSE,64400,0,0,0.0007,0.07,1,0,0,53,0,0,0,NA,0.49307,0,03/01/1986,5.6E+017,NA,Secondary,Uranus,NA,NA,NA,10.8135869565217,1946.44565217391,5.79304041243872E-09,2.94736842105263E-10,0.000430487410674,1.79331082905752E+022
Portia,FALSE,66100,0,0,0.0001,0.06,1,0,0,70,0,0,0,NA,0.5132,0,03/01/1986,1.7E+018,NA,Secondary,Uranus,NA,NA,NA,10.5357337367625,1896.43207261725,1.0105339274101E-08,8.94736842105263E-10,0.000441851208782,5.16755706409168E+022
Rosalind,FALSE,69900,0,0,0.0001,0.28,1,0,0,36,0,0,0,NA,0.55846,0,13/01/1986,2.5E+016,NA,Secondary,Uranus,NA,NA,NA,9.96248927038627,1793.24806866953,2.67275912229284E-09,1.31578947368421E-11,0.000467252639847,6.79555506435722E+020
Belinda,FALSE,75300,0,0,0.0001,0.03,1,0,0,45,0,0,0,NA,0.62353,0,13/01/1986,4.9E+017,NA,Secondary,Uranus,NA,NA,NA,9.24816733067729,1664.67011952191,4.17618612858256E-09,2.57894736842105E-10,0.000503349410307,1.14774499170207E+022
Puck,FALSE,86000,0,0,0.0001,0.32,1,0,0,81,0,0,0,NA,0.76183,0,30/12/1985,2.9E+018,NA,Secondary,Uranus,NA,NA,NA,8.09794186046512,1457.62953488372,1.35308430566075E-08,1.52631578947368E-09,0.000574874492515,5.20763304488913E+022
Caliban,FALSE,7231100,0,0,0.1812,141.53,1,0,0,36,0,0,0,NA,-579.5,0,06/09/1997,2.5E+017,NA,Secondary,Uranus,NA,NA,NA,0.096303190385972,17.3345742694749,2.67275912229284E-09,1.31578947368421E-10,0.048336917939835,6.34995360797789E+017
Sycorax,FALSE,12179400,0,0,0.5219,159.42,1,0,0,75,0,0,0,NA,-1283.4,0,06/09/1997,2.3E+018,NA,Secondary,Uranus,NA,NA,NA,0.057179910340411,10.292383861274,1.16005170238404E-08,1.21052631578947E-09,0.081414260396956,2.05927964555989E+018
Prospero,FALSE,16276800,0,0,0.4445,151.83,1,0,0,25,0,0,0,NA,-1977.3,0,18/07/1999,8.5E+016,NA,Secondary,Uranus,NA,NA,NA,0.042782795144009,7.70090312592156,1.28894633598227E-09,4.47368421052632E-11,0.108803687671739,4.26108453449127E+016
Setebos,FALSE,17420400,0,0,0.5908,158.24,1,0,0,24,0,0,0,NA,-2234.8,0,18/07/1999,7.5E+016,NA,Secondary,Uranus,NA,NA,NA,0.039974168216574,7.19535027898326,1.18789294324126E-09,3.94736842105263E-11,0.116448181504765,3.28234552544478E+016
Stephano,FALSE,8007400,0,0,0.2248,143.82,1,0,0,16,0,0,0,NA,-676.5,0,18/07/1999,2.2E+016,NA,Secondary,Uranus,NA,NA,NA,0.086964308015086,15.6535754427155,5.27952419218338E-10,1.15789473684211E-11,0.053526162922852,4.55699877817829E+016
Trinculo,FALSE,8505200,0,0,0.2194,166.93,1,0,0,9,0,0,0,NA,-758.1,0,13/08/2001,3900000000000000,NA,Secondary,Uranus,NA,NA,NA,0.081873559704651,14.7372407468372,1.67047445143302E-10,2.05263157894737E-12,0.056853750392318,7160359454783080
Francisco,FALSE,4282900,0,0,0.1324,147.25,1,0,0,11,0,0,0,NA,-266.6,0,13/08/2001,7200000000000000,NA,Secondary,Uranus,NA,NA,NA,0.162589133531019,29.2660440355834,2.49540010646168E-10,3.78947368421053E-12,0.028629418185964,5.21309820770024E+016
Margaret,FALSE,23808000,0,0,0.6772,57.37,1,0,0,10,0,0,0,NA,1694.8,0,29/08/2003,5400000000000000,NA,Secondary,Uranus,NA,NA,NA,0.029248655913979,5.26475806451613,2.06231413757163E-10,2.84210526315789E-12,0.159146650206967,1.26528165342905E+015
Ferdinand,FALSE,20430000,0,0,0.3993,169.79,1,0,0,10,0,0,0,NA,-2823.4,0,13/08/2001,5400000000000000,NA,Secondary,Uranus,NA,NA,NA,0.034084777288302,6.13525991189427,2.06231413757163E-10,2.84210526315789E-12,0.136566114907944,1718289377502636
Perdita,FALSE,76417,0,0,0,0.47,1,0,0,13,0,0,0,NA,0.638,0,18/01/1986,1.8E+019,NA,Secondary,Uranus,NA,NA,NA,9.11256657550022,1640.26198359004,3.48531089249606E-10,9.47368421052631E-09,0.000510816094122,4.09384896158532E+023
Mab,FALSE,97736,0,0,0,0.13,1,0,0,12,0,0,0,NA,0.923,0,25/08/2003,1E+016,NA,Secondary,Uranus,NA,NA,NA,7.12484652533355,1282.47237456004,2.96973235810315E-10,5.26315789473684E-12,0.000653324806982,1.39036925903411E+020
Cupid,FALSE,74392,0,0,0,0.1,1,0,0,9,0,0,0,NA,0.613,0,25/08/2003,3800000000000000,NA,Secondary,Uranus,NA,NA,NA,9.36056296375955,1684.90133347672,1.67047445143302E-10,2E-12,0.0004972798052,9.11948694459108E+019
Triton,FALSE,354759,354753,354765,2E-05,157.345,2.05,0.78,0,1353.4,0,0,0,NA,5.87685,141.0444,10/10/1846,2.14E+022,NA,Secondary,Neptune,NA,NA,NA,1.96667427746724,354.001369944103,3.77752339985864E-06,1.12631578947368E-05,0.002371417442909,2.25832378192121E+025
Nereid,FALSE,5513818,1372000,9655000,0.7512,7.23,1,0.071,0,170,0,0,0,NA,360.13619,0,01/05/1949,3E+019,NA,Secondary,Neptune,NA,NA,NA,0.126321180713618,22.7378125284512,5.96008785758202E-08,1.57894736842105E-08,0.036857596797332,1.31055629193025E+020
Naiad,FALSE,48227,0,0,0.0003,4.74,1,0.01,0,33,0,0,0,48 x 30 x 26,0.2944,0,18/09/1989,2E+017,NA,Secondary,Neptune,NA,NA,NA,14.439525576959,2599.11460385261,2.24586009581551E-09,1.05263157894737E-10,0.000322377583146,1.14205962992793E+022
Thalassa,FALSE,50074,0,0,0.0002,0.21,1,0.013,0,33,0,0,0,54 x 50 x 26,0.31149,0,18/09/1989,4E+017,NA,Secondary,Neptune,NA,NA,NA,13.9069177617127,2503.24519710828,2.24586009581551E-09,2.10526315789474E-10,0.00033472401556,2.11872553157015E+022
Despina,FALSE,52526,0,0,0.0001,0.07,1,0.023,0,33,0,0,0,90 x 74 x 64,0.33466,0,28/07/1989,2E+018,NA,Secondary,Neptune,NA,NA,NA,13.2577199862925,2386.38959753265,2.24586009581551E-09,1.05263157894737E-09,0.000351114623184,9.62765713840034E+022
Galatea,FALSE,61953,0,0,0.0001,0.05,1,0.03,0,33,0,0,0,102 x 92 x 72,0.42875,0,28/07/1989,2E+018,NA,Secondary,Neptune,NA,NA,NA,11.2403757687279,2023.26763837102,2.24586009581551E-09,1.05263157894737E-09,0.000414130225986,6.92061343586606E+022
Larissa,FALSE,73548,0,0,0.0014,0.2,1,0.034,0,33,0,0,0,108 x 102 x 84,0.55465,0,24/05/1981,5E+018,NA,Secondary,Neptune,NA,NA,NA,9.46830641213901,1704.29515418502,2.24586009581551E-09,2.63157894736842E-09,0.000491638013669,1.22763015653766E+023
Proteus,FALSE,117646,0,0,0.0004,0.04,1,0.075,0,33,0,0,0,220 x 208 x 202,1.12232,0,16/06/1989,5E+019,NA,Secondary,Neptune,NA,NA,NA,5.91924077316696,1065.46333917005,2.24586009581551E-09,2.63157894736842E-08,0.000786414936586,4.79794153755904E+023
Halimede,FALSE,16611000,0,0,0.571,134.1,1,0.01,0,30,0,0,0,NA,1879.7,0,14/08/2002,2E+017,NA,Secondary,Neptune,NA,NA,NA,0.041922340617663,7.54602131117934,1.85608272381447E-09,1.05263157894737E-10,0.111037676688001,9.6267062057708E+016
Psamathe,FALSE,48096000,0,0,0.45,137.4,1,0,0,20,0,0,0,NA,9115.9,0,19/08/2003,2E+016,NA,Secondary,Neptune,NA,NA,NA,0.014478584497671,2.60614520958084,8.24925655028653E-10,1.05263157894737E-11,0.321501902232623,1.14828940201212E+015
Sao,FALSE,22228000,0,0,0.293,48.5,1,0.01,0,20,0,0,0,NA,2914.1,0,14/08/2002,1E+017,NA,Secondary,Neptune,NA,NA,NA,0.031328144682383,5.63906604282886,8.24925655028653E-10,5.26315789473684E-11,0.148585002553783,2.68805717855449E+016
Laomedeia,FALSE,23567000,0,0,0.424,34.7,1,0.01,0,20,0,0,0,NA,3167.9,0,13/08/2002,1E+017,NA,Secondary,Neptune,NA,NA,NA,0.029548181779607,5.31867272032927,8.24925655028653E-10,5.26315789473684E-11,0.1575356647105,2.39128134105042E+016
Neso,FALSE,49285000,0,0,0.495,132.6,1,0,0,30,0,0,0,NA,9374,0,14/08/2002,1E+017,NA,Secondary,Neptune,NA,NA,NA,0.014129491731764,2.54330851171756,1.85608272381447E-09,5.26315789473684E-11,0.329449876321,5467763945800620
Charon,FALSE,17536,0,0,0,0,1,0,0,33,0,0,0,39x37x25,2.74,0,13/04/1978,2.4E+016,NA,Secondary,Pluto,NA,NA,NA,39.7111656021898,7148.00980839416,2.24586009581551E-09,1.26315789473684E-11,0.000117220919776,1.03654806879029E+022
Nix,FALSE,48708,0,0,0,0,1,0,0,33,0,0,0,39x37x25,2.74,0,15/05/2005,2.4E+016,NA,Secondary,Pluto,NA,NA,NA,14.2969327420547,2573.44789356984,2.24586009581551E-09,1.26315789473684E-11,0.000325592869551,1.34353791147787E+021
Hydra,FALSE,64749,0,0,0,0,1,0,0,33,0,0,0,39x37x25,2.74,0,15/05/2005,2.4E+016,NA,Secondary,Pluto,NA,NA,NA,10.7549923550943,1935.89862391697,2.24586009581551E-09,1.26315789473684E-11,0.00043282033158,7.60298947947338E+020
Namaka,FALSE,39300,0,0,0,0,1,0,0,33,0,0,0,39x37x25,2.74,0,30/06/2005,2.4E+016,NA,Secondary,136108 Haumea,NA,NA,NA,17.719465648855,3189.50381679389,2.24586009581551E-09,1.26315789473684E-11,0.000262704273905,2.06378960045063E+021
Hiʻiaka,FALSE,49500,0,0,0,0,1,0,0,33,0,0,0,39x37x25,2.74,0,26/01/2005,2.4E+016,NA,Secondary,136108 Haumea,NA,NA,NA,14.0681818181818,2532.27272727273,2.24586009581551E-09,1.26315789473684E-11,0.000330887062552,1.30088864401592E+021
Dysnomia,FALSE,30000,0,0,0,0,1,0,0,33,0,0,0,39x37x25,2.74,0,??/09/2005,2.4E+016,NA,Secondary,136199 Eris,NA,NA,NA,23.2125,4178.25,2.24586009581551E-09,1.26315789473684E-11,0.000200537613668,3.54166933333333E+021
Dia,FALSE,12555000,0,0,0.211,28.23,1,0,0,2,0,0,0,NA,287,0,27/12/2000,90000000000000,NA,Secondary,Jupiter,NA,NA,NA,0.055463480684986,9.98342652329749,8.24925655028653E-12,4.73684210526316E-14,0.08392499132008,75831274292753.5
S/2004 S 3,FALSE,141000,0,0,0.02,0,1,0,0,2,0,0,0,NA,0.62,0,21/06/2004,2.4E+016,NA,Secondary,Saturn,NA,NA,NA,4.93860992907801,888.949787234043,8.24925655028653E-12,1.26315789473684E-11,0.00094252678424,1.60329078014184E+020
S/2004 S 4,FALSE,140100,0,0,0,0,1,0,0,2,0,0,0,NA,0.61,0,09/09/2004,2.4E+016,NA,Secondary,Saturn,NA,NA,NA,4.97033547466096,894.660385438972,8.24925655028653E-12,1.26315789473684E-11,0.00093651065583,1.62395596904628E+020
S/2004 S 6,FALSE,140000,0,0,0.002,0.02,1,0,0,2.5,0,0,0,NA,0.61,0,28/10/2004,2.4E+016,NA,Secondary,Saturn,NA,NA,NA,4.97388928571429,895.300071428571,1.28894633598227E-11,1.26315789473684E-11,0.000935842197118,1.62627673469388E+020
S/2010 J 1,FALSE,23314335,0,0,0.32,163.2,1,0,0,1,0,0,0,NA,723.2,0,07/09/2010,2.4E+016,NA,Secondary,Jupiter,NA,NA,NA,0.029867590047068,5.37616620847217,2.06231413757163E-12,1.26315789473684E-11,0.155846703505253,5864141693175185
S/2010 J 2,FALSE,20320000,0,0,0.307,150.4,1,0,0,0.5,0,0,0,NA,588.1,0,08/09/2010,2.4E+016,NA,Secondary,Jupiter,NA,NA,NA,0.034268823818898,6.16838828740158,5.15578534392908E-13,1.26315789473684E-11,0.135830810324495,7719747814495629
1 Ceres,TRUE,413690250,382620000,445410000,0.07582,10.593,2.161,0.28,510,476.2,487,455,0.9619,NA,1681.63,9.07,01/01/1801,9.39E+020,4210000000,Primary,NA,NA,0.09,8.44157494740693E-06,0.001684395994346,0.303191278982282,4.6766363513879E-07,4.9421052631579E-07,2.76534851775801,7.28709279907865E+017
6 Hebe,FALSE,362959000,0,0,0,0,1,0,0,33,0,0,0,39x37x25,2.74,0,01/07/1847,2.4E+016,NA,Primary,NA,NA,NA,NA,0.001918605131709,0.345348923707636,2.24586009581551E-09,1.26315789473684E-11,2.42623105731143,24195543442489.5
47171 Lempo,FALSE,5884000000,0,0,0,0,1,0,0,33,0,0,0,39x37x25,2.74,0,01/10/1999,2.4E+016,NA,Primary,NA,NA,NA,NA,0.000118350611829,0.021303110129164,2.24586009581551E-09,1.26315789473684E-11,39.3321106274275,92067254479.4188
The Little Prince,FALSE,1190,0,0,0,0,1,0,0,33,0,0,0,39x37x25,2.74,0,01/11/1999,2.4E+016,NA,Secondary,45 Eugenia,NA,NA,NA,585.189075630252,105334.033613445,2.24586009581551E-09,1.26315789473684E-11,7.95465867549945E-06,2.25090205493962E+024
762 Pulcova,FALSE,472579673,0,0,0,0,1,0,0,33,0,0,0,39x37x25,2.74,0,03/09/1913,2.4E+016,NA,Primary,NA,NA,NA,NA,0.001473561051789,0.265240989322027,2.24586009581551E-09,1.26315789473684E-11,3.15899999638163,14272512943504.1
4179 Toutatis,FALSE,377326000,0,0,0,0,1,0,0,33,0,0,0,39x37x25,2.74,0,04/01/1989,2.4E+016,NA,Primary,NA,NA,NA,NA,0.001845552652083,0.332199477375002,2.24586009581551E-09,1.26315789473684E-11,2.52226852049706,22388090667245.3
50000 Quaoar,FALSE,6489054000,0,0,0,0,1,0,0,33,0,0,0,39x37x25,2.74,0,04/06/2002,2.4E+016,NA,Primary,NA,NA,NA,NA,0.000107315334408,0.019316760193397,2.24586009581551E-09,1.26315789473684E-11,43.3766468041045,75698581940.6807
2867 Šteins,FALSE,353495000,0,0,0,0,1,0,0,33,0,0,0,39x37x25,2.74,0,04/11/1969,2.4E+016,NA,Primary,NA,NA,NA,NA,0.001969971286723,0.354594831610065,2.24586009581551E-09,1.26315789473684E-11,2.36296812478628,25508444123823.5
136199 Eris,TRUE,10180122852,2147483647,2147483647,0.44068,44.0445,2.52,0.82,1380,1163,0,0,0,NA,203830,25.92,05/01/2005,1.66E+022,6590000000,Primary,NA,NA,0.96,3.02974482300215E-05,6.85163637158826E-05,0.012332945468859,2.78942217074113E-06,8.73684210526316E-06,68.0499181195899,2.12736166362028E+016
5 Astraea,FALSE,384877000,0,0,0,0,1,0,0,33,0,0,0,39x37x25,2.74,0,08/12/1845,2.4E+016,NA,Primary,NA,NA,NA,NA,0.001809344284018,0.325681971123242,2.24586009581551E-09,1.26315789473684E-11,2.57274383785731,21518232864126.9
5145 Pholus,FALSE,3055227000,0,0,0,0,1,0,0,33,0,0,0,39x37x25,2.74,0,09/01/1992,2.4E+016,NA,Primary,NA,NA,NA,NA,0.000227929054044,0.041027229727938,2.24586009581551E-09,1.26315789473684E-11,20.4229310598069,341478648322.819
4769 Castalia,FALSE,159053000,0,0,0,0,1,0,0,33,0,0,0,39x37x25,2.74,0,09/08/1989,2.4E+016,NA,Primary,NA,NA,NA,NA,0.004378257561945,0.788086361150057,2.24586009581551E-09,1.26315789473684E-11,1.06320363555816,125998910661318
Remus,FALSE,706,0,0,0,0,1,0,0,33,0,0,0,39x37x25,2.74,0,09/08/2005,2.4E+016,NA,Secondary,87 Sylvia,NA,NA,NA,986.366855524079,177546.033994334,2.24586009581551E-09,1.26315789473684E-11,4.71931850832152E-06,6.39500838623214E+024
624 Hektor,FALSE,781183000,0,0,0,0,1,0,0,33,0,0,0,39x37x25,2.74,0,10/02/1907,2.4E+016,NA,Primary,NA,NA,NA,NA,0.00089143644959,0.160458560926185,2.24586009581551E-09,1.26315789473684E-11,5.22188582193503,5223299794124.48
216 Kleopatra,FALSE,417796000,0,0,0,0,1,0,0,33,0,0,0,39x37x25,2.74,0,10/04/1880,2.4E+016,NA,Primary,NA,NA,NA,NA,0.00166678235311,0.300020823559823,2.24586009581551E-09,1.26315789473684E-11,2.79279376133527,18260891036467.1
3753 Cruithne,FALSE,149260000,0,0,0,0,1,0,0,33,0,0,0,39x37x25,2.74,0,10/10/1986,2.4E+016,NA,Primary,NA,NA,NA,NA,0.004665516548305,0.839792978694895,2.24586009581551E-09,1.26315789473684E-11,0.997741473869788,143074964186624
3 Junon,FALSE,399480000,0,0,0,0,1,0,0,33,0,0,0,39x37x25,2.74,0,12/01/1804,2.4E+016,NA,Primary,NA,NA,NA,NA,0.001743203664764,0.313776659657555,2.24586009581551E-09,1.26315789473684E-11,2.6703588636038,19973788093340.8
10 Hygiea,FALSE,469345000,0,0,0,0,1,0,0,33,0,0,0,39x37x25,2.74,0,12/04/1849,2.4E+016,NA,Primary,NA,NA,NA,NA,0.001483716668975,0.267069000415473,2.24586009581551E-09,1.26315789473684E-11,3.13737754290108,14469919971793.7
21 Lutetia,FALSE,364277000,0,0,0,0,1,0,0,33,0,0,0,39x37x25,2.74,0,12/11/1852,2.4E+016,NA,Primary,NA,NA,NA,NA,0.001911663377045,0.344099407868188,2.24586009581551E-09,1.26315789473684E-11,2.43504134313858,24020775143985.5
253 Mathilde,FALSE,395900000,0,0,0,0,1,0,0,33,0,0,0,39x37x25,2.74,0,12/11/1885,2.4E+016,NA,Primary,NA,NA,NA,NA,0.001758966910836,0.316614043950493,2.24586009581551E-09,1.26315789473684E-11,2.64642804170608,20336654803680.1
Uranus,TRUE,2870658186,2147483647,2147483647,0.0457,0.772,1.27,8.87,21380,25362,25559,24973,0.02293,NA,30685.4,-17.24,13/03/1781,8.68E+025,68300000000000,Primary,NA,0.3,0.488,0.296744357103154,0.00025140715238,0.045253287428488,0.001326544475766,0.045684210526316,19.1891647425701,1.39893017191812E+021
7 Iris,FALSE,357019000,0,0,0,0,1,0,0,33,0,0,0,39x37x25,2.74,0,13/08/1847,2.4E+016,NA,Primary,NA,NA,NA,NA,0.00195052644257,0.351094759662651,2.24586009581551E-09,1.26315789473684E-11,2.38652460980516,25007360913888.6
433 Eros,FALSE,218155000,0,0,0,0,1,0,0,33,0,0,0,39x37x25,2.74,0,13/08/1898,2.4E+016,NA,Primary,NA,NA,NA,NA,0.003192111113658,0.57458000045839,2.24586009581551E-09,1.26315789473684E-11,1.45827610365847,66976149791580.8
Vanth,FALSE,8980,0,0,0,0,1,0,0,33,0,0,0,39x37x25,2.74,0,13/11/2005,2.4E+016,NA,Secondary,90482 Orcus,NA,NA,NA,77.5473273942094,13958.5189309577,2.24586009581551E-09,1.26315789473684E-11,6.00275923579706E-05,3.95273634555384E+022
90377 Sedna,FALSE,75659770000,0,0,0,0,1,0,0,33,0,0,0,39x37x25,2.74,0,14/11/2003,2.4E+016,NA,Primary,NA,NA,NA,NA,9.20403273760943E-06,0.00165672589277,2.24586009581551E-09,1.26315789473684E-11,505.754324215793,556827258.142917
10199 Chariklo,FALSE,2380000000,0,0,0,0,1,0,0,33,0,0,0,39x37x25,2.74,0,15/02/1997,2.4E+016,NA,Primary,NA,NA,NA,NA,0.000292594537815,0.052667016806723,2.24586009581551E-09,1.26315789473684E-11,15.9093173509989,562725513734.906
87 Sylvia,FALSE,522135000,0,0,0,0,1,0,0,33,0,0,0,39x37x25,2.74,0,16/05/1866,2.4E+016,NA,Primary,NA,NA,NA,NA,0.001333706799966,0.240067223993795,2.24586009581551E-09,1.26315789473684E-11,3.49025689708564,11691895051550.4
(243) Ida I Dactyl,FALSE,108,0,0,0,0,1,0,0,33,0,0,0,39x37x25,2.74,0,17/02/1994,2.4E+016,NA,Secondary,243 Ida,NA,NA,NA,6447.91666666667,1160625,2.24586009581551E-09,1.26315789473684E-11,7.21935409204992E-07,2.7327695473251E+026
90482 Orcus,FALSE,5862440000,0,0,0,0,1,0,0,33,0,0,0,39x37x25,2.74,0,17/02/2004,2.4E+016,NA,Primary,NA,NA,NA,NA,0.000118785863906,0.021381455503169,2.24586009581551E-09,1.26315789473684E-11,39.1879909290714,92745681898.2516
Pluto,TRUE,5906440628,2147483647,2147483647,0.2488,17.16,1.89,0.62,1210,1188.3,1188.3,1195,0,NA,90465,-153.2928,18/02/1930,1.3E+022,7150000000,Primary,NA,NA,0.575,3.1017133337474E-05,0.000118096556612,0.02125738019016,2.91210488730243E-06,6.8421052631579E-06,39.482116960372,4.94915374702644E+016
5335 Damocles,FALSE,8368303000,0,0,0,0,1,0,0,33,0,0,0,39x37x25,2.74,0,18/02/1991,2.4E+016,NA,Primary,NA,NA,NA,NA,8.32157965599477E-05,0.014978843380791,2.24586009581551E-09,1.26315789473684E-11,55.9386504690404,45517219746.8612
Romulus,FALSE,1356,0,0,0,0,1,0,0,33,0,0,0,39x37x25,2.74,0,18/02/2001,2.4E+016,NA,Secondary,87 Sylvia,NA,NA,NA,513.550884955752,92439.1592920354,2.24586009581551E-09,1.26315789473684E-11,9.06430013779601E-06,1.73352912000418E+024
Alexhelios,FALSE,775,0,0,0,0,1,0,0,33,0,0,0,39x37x25,2.74,0,18/09/2008,2.4E+016,NA,Secondary,216 Kleopatra,NA,NA,NA,898.548387096774,161738.709677419,2.24586009581551E-09,1.26315789473684E-11,5.18055501975805E-06,5.30697590010406E+024
Cleoselene,FALSE,380,0,0,0,0,1,0,0,33,0,0,0,39x37x25,2.74,0,18/09/2008,2.4E+016,NA,Secondary,216 Kleopatra,NA,NA,NA,1832.56578947368,329861.842105263,2.24586009581551E-09,1.26315789473684E-11,2.54014310646201E-06,2.20741163434903E+025
8 Flora,FALSE,329313000,0,0,0,0,1,0,0,33,0,0,0,39x37x25,2.74,0,18/10/1847,2.4E+016,NA,Primary,NA,NA,NA,NA,0.002114629546966,0.380633318453872,2.24586009581551E-09,1.26315789473684E-11,2.20132143899559,29392245728460.7
2060 Chiron,FALSE,2042652000,0,0,0,0,1,0,0,33,0,0,0,39x37x25,2.74,0,18/10/1977,2.4E+016,NA,Primary,NA,NA,NA,NA,0.000340917101885,0.061365078339335,2.24586009581551E-09,1.26315789473684E-11,13.6542852544759,763944402737.131
5261 Eureka,FALSE,227908000,0,0,0,0,1,0,0,33,0,0,0,39x37x25,2.74,0,20/06/1990,2.4E+016,NA,Primary,NA,NA,NA,NA,0.003055509240571,0.549991663302736,2.24586009581551E-09,1.26315789473684E-11,1.52347088186196,61366503696464
588 Achilles,FALSE,776669000,0,0,0,0,1,0,0,33,0,0,0,39x37x25,2.74,0,22/02/1906,2.4E+016,NA,Primary,NA,NA,NA,NA,0.000896617477973,0.161391146035184,2.24586009581551E-09,1.26315789473684E-11,5.19171159566511,5284191867487.4
Weywot,FALSE,10000,0,0,0,0,1,0,0,33,0,0,0,39x37x25,2.74,0,22/02/2007,2.4E+016,NA,Secondary,50000 Quaoar,NA,NA,NA,69.6375,12534.75,2.24586009581551E-09,1.26315789473684E-11,6.68458712226845E-05,3.1875024E+022
28978 Ixion,FALSE,5910896000,0,0,0,0,1,0,0,33,0,0,0,39x37x25,2.74,0,22/05/2001,2.4E+016,NA,Primary,NA,NA,NA,NA,0.000117812088049,0.021206175848805,2.24586009581551E-09,1.26315789473684E-11,39.5118992826681,91231304352.6105
Neptune,TRUE,4498396441,2147483647,2147483647,0.0113,1.769,1.638,11.15,23560,24622,24764,24341,0.01708,NA,60189,16.11,23/09/1846,1.02E+026,62500000000000,Primary,NA,0.29,0.442,0.278582492836544,0.000160271334342,0.028848840181625,0.001250263270475,0.053684210526316,30.0699229203668,6.69459018857554E+020
Shoemaker-Levy 9,FALSE,0,0,0,0,0,1,0,0,33,0,0,0,39x37x25,2.74,0,24/03/1993,2.4E+016,NA,Primary,NA,NA,NA,NA,Inf,Inf,2.24586009581551E-09,1.26315789473684E-11,0,Inf
9 Metis,FALSE,357052000,0,0,0,0,1,0,0,33,0,0,0,39x37x25,2.74,0,25/04/1848,2.4E+016,NA,Primary,NA,NA,NA,NA,0.001950346168065,0.351062310251728,2.24586009581551E-09,1.26315789473684E-11,2.38674520118019,25002738591234
136108 Haumea,TRUE,6432011461,2147483647,2147483647,0.19126,28.19,2.6,0.401,809,33,0,498,0.6102,1960 x 1518 x 996,103774,3.92,28/12/2004,4.01E+021,2400000000,Primary,NA,NA,0.66,9.08271474132907E-06,0.000108267064545,0.019488071618037,2.24586009581551E-09,2.11052631578947E-06,42.9953409824837,1.28733042081179E+016
7066 Nessus,FALSE,3689000000,0,0,0,0,1,0,0,33,0,0,0,39x37x25,2.74,0,26/04/1993,2.4E+016,NA,Primary,NA,NA,NA,NA,0.000188770669558,0.033978720520466,2.24586009581551E-09,1.26315789473684E-11,24.6594418940483,234224979702.354
25143 Itokawa,FALSE,198049628,0,0,0,0,1,0,0,33,0,0,0,39x37x25,2.74,0,26/09/1998,2.4E+016,NA,Primary,NA,NA,NA,NA,0.003516164140435,0.632909545278217,2.24586009581551E-09,1.26315789473684E-11,1.32387999289886,81264797677167.6
10370 Hylonome,FALSE,3779000000,0,0,0,0,1,0,0,33,0,0,0,39x37x25,2.74,0,27/02/1995,2.4E+016,NA,Primary,NA,NA,NA,NA,0.00018427494046,0.033169489282879,2.24586009581551E-09,1.26315789473684E-11,25.2610547350525,223201308662.424
45 Eugenia,FALSE,406934000,0,0,0,0,1,0,0,33,0,0,0,39x37x25,2.74,0,27/06/1857,2.4E+016,NA,Primary,NA,NA,NA,NA,0.001711272589658,0.308029066138489,2.24586009581551E-09,1.26315789473684E-11,2.72018577601319,19248751493082.7
(308933) 2006 SQ372,FALSE,152000000000,0,0,0,0,1,0,0,33,0,0,0,39x37x25,2.74,0,27/09/2006,2.4E+016,NA,Primary,NA,NA,NA,NA,4.58141447368421E-06,0.000824654605263,2.24586009581551E-09,1.26315789473684E-11,1016.0572425848,137963227.146814
2 Pallas,FALSE,414717000,0,0,0,0,1,0,0,33,0,0,0,39x37x25,2.74,0,28/03/1802,2.4E+016,NA,Primary,NA,NA,NA,NA,0.001679157111958,0.30224828015249,2.24586009581551E-09,1.26315789473684E-11,2.7722119175858,18533047718306.3
8405 Asbolus,FALSE,2694000000,0,0,0,0,1,0,0,33,0,0,0,39x37x25,2.74,0,28/03/1995,2.4E+016,NA,Primary,NA,NA,NA,NA,0.000258491091314,0.046528396436526,2.24586009581551E-09,1.26315789473684E-11,18.0082777073912,439192927283.76
20000 Varuna,FALSE,6451398000,0,0,0,0,1,0,0,33,0,0,0,39x37x25,2.74,0,28/11/2000,2.4E+016,NA,Primary,NA,NA,NA,NA,0.000107941720539,0.019429509696968,2.24586009581551E-09,1.26315789473684E-11,43.1249319914284,76584847157.5425
4 Vesta,FALSE,353343000,0,0,0,0,1,0,0,33,0,0,0,39x37x25,2.74,0,29/03/1807,2.4E+016,NA,Primary,NA,NA,NA,NA,0.001970818722884,0.354747370119119,2.24586009581551E-09,1.26315789473684E-11,2.3619520675437,25530395131573.7
243 Ida,FALSE,428000000,0,0,0,0,1,0,0,33,0,0,0,39x37x25,2.74,0,29/09/1884,2.4E+016,NA,Primary,NA,NA,NA,NA,0.001627044392523,0.292867990654206,2.24586009581551E-09,1.26315789473684E-11,2.86100328833089,17400550266398.8
Comet Hyakutake,FALSE,0,0,0,0,0,1,0,0,33,0,0,0,39x37x25,2.74,0,30/01/1996,2.4E+016,NA,Primary,NA,NA,NA,NA,Inf,Inf,2.24586009581551E-09,1.26315789473684E-11,0,Inf
951 Gaspra,FALSE,330513000,0,0,0,0,1,0,0,33,0,0,0,39x37x25,2.74,0,30/07/1916,2.4E+016,NA,Primary,NA,NA,NA,NA,0.002106951920197,0.379251345635421,2.24586009581551E-09,1.26315789473684E-11,2.20934294354231,29179203180216
15760 Albion,FALSE,6547379000,0,0,0,0,1,0,0,33,0,0,0,39x37x25,2.74,0,30/08/1992,2.4E+016,NA,Primary,NA,NA,NA,NA,0.000106359353873,0.019144683697095,2.24586009581551E-09,1.26315789473684E-11,43.7665253480109,74355921151.2111
136472 Makemake,TRUE,6783345606,2147483647,2147483647,0.15586,29.00685,1.4,0.5,800,725,745,715,0.05,NA,112897,0,31/03/2005,4.4E+021,1700000000,Primary,NA,NA,0.81,9.66111538274923E-06,0.000102761533982,0.018497076116691,1.08400386856109E-06,2.31578947368421E-06,45.3438646837638,1.27000100914866E+016
Halley's Comet,FALSE,2677801885,0,0,0,0,1,0,0,33,0,0,0,39x37x25,2.74,0,NA,2.4E+016,NA,Primary,NA,NA,NA,NA,0.000260054712748,0.046809848294658,2.24586009581551E-09,1.26315789473684E-11,17.8999999964572,444522383725.424
Jupiter,TRUE,778340821,740379835,816620000,0.0489,1.304,1.3262,24.79,60200,69911,71492,66854,0.06487,NA,4332.589,9.925,NA,1.9E+027,1430000000000000,Primary,NA,0.503,0.538,12.4735182215096,0.000984469758396,0.177204556511369,0.010079659175537,1,5.20288702879245,4.16536691748838E+023
Mars,TRUE,227943824,206700000,249200000,0.0935,1.85,3.9341,3.71,5030,3389.5,3396.19,3376.2,0.00589,NA,686.98,24.6229,NA,6.42E+023,163000000000,Primary,NA,0.25,0.17,0.007784519549393,0.003069754151356,0.552555747244111,2.36933295710391E-05,0.000337894736842,1.52371035051103,1.64103803616008E+021
Mercury,TRUE,57909227,46001200,69816900,0.2056,7,5.4291,3.7,4250,2439.4,2440.53,2439.7,0,NA,87.969,1407.6,NA,3.3E+023,60830000000,Primary,NA,0.088,0.142,0.00793862161041,0.01206684040179,2.17203127232211,1.22721557360848E-05,0.000173684210526,0.38709927306472,1.30694611766347E+022
Saturn,TRUE,1426666422,1349823615,1503509229,0.0565,2.485,0.6871,10.44,36090,58232,60268,54364,0.09796,NA,10759.22,10.656,NA,5.68E+026,827000000000000,Primary,NA,0.342,0.499,2.75234605422744,0.000528907100051,0.09520327800916,0.006993236758857,0.298947368421053,9.536675992274,3.70631847797544E+022
Sun,FALSE,0,0,0,0,0,1.408,274,617000,696342,0,0,0,39x37x25,2.74,601,NA,1.99E+030,1.41E+018,Primary,NA,NA,NA,NA,Inf,Inf,1,1047.36842105263,0,Inf
Earth,TRUE,149598262,147095000,152100000,0.0167,0,5.5136,9.8,11190,6371.0084,6378.1366,6356.8,0.00335,NA,365.256,23.9345,NA,5.97E+024,1080000000000,Primary,NA,0.306,0.367,0.089354528986557,0.004697334039883,0.845520127179018,8.37088112086593E-05,0.003142105263158,1.00000261567894,3.54291321144174E+022
Venus,TRUE,108208475,107477000,108939000,0.0067,3.39,5.243,8.87,10360,6051.8,6051.8,6051.8,0,NA,224.701,-5832.5,NA,4.87E+024,928000000000,Primary,NA,0.76,0.689,0.085703445491474,0.006491116338161,1.168400940869,7.55307771042798E-05,0.002563157894737,0.723328978505307,5.52389846186654E+022
Kerberos,FALSE,59000,0,0,0,0,1,0,0,33,0,0,0,39x37x25,2.74,0,20/07/2011,2.4E+016,NA,Secondary,Pluto,NA,NA,NA,11.8029661016949,2124.53389830508,2.24586009581551E-09,1.26315789473684E-11,0.000394390640214,9.15685837403045E+020
S/2011 J 1,FALSE,20155290,0,0,0.296,162.8,1,0,0,0.5,0,0,0,NA,580.7,0,29/01/2012,2.4E+016,NA,Secondary,Jupiter,NA,NA,NA,0.034548870296582,6.21879665338479,5.15578534392908E-13,1.26315789473684E-11,0.134729791979586,7846435658973901
S/2011 J 2,FALSE,23329710,0,0,0.332,148.8,1,0,0,0.5,0,0,0,NA,726.8,0,29/01/2012,2.4E+016,NA,Secondary,Jupiter,NA,NA,NA,0.029847884950134,5.37261929102419,5.15578534392908E-13,1.26315789473684E-11,0.155949479032257,5856414938832261
Styx,FALSE,45000,0,0,0,0,1,0,0,33,0,0,0,39x37x25,2.74,0,11/07/2012,2.4E+016,NA,Secondary,Pluto,NA,NA,NA,15.475,2785.5,2.24586009581551E-09,1.26315789473684E-11,0.000300806420502,1.57407525925926E+021
Hippocamp,FALSE,105200,0,0,0,0,1,0,0,17,0,0,0,NA,0.95,0,01/07/2013,3E+016,NA,Secondary,Neptune,NA,NA,NA,6.61938212927757,1191.48878326996,5.96008785758202E-10,1.57894736842105E-11,0.000703218565263,3.60022011305643E+020
S/2015 (136472) 1,FALSE,21100,0,0,0,0,1,0,0,33,0,0,0,39x37x25,2.74,0,26/04/2016,2.4E+016,NA,Secondary,136472 Makemake,NA,NA,NA,33.0035545023697,5940.63981042654,2.24586009581551E-09,1.26315789473684E-11,0.00014104478828,7.1595480784349E+021
S/2017 J 1,FALSE,23587000,0,0,0.397,149.2,1,0,0,2,0,0,0,NA,734.2,0,06/06/2017,2.4E+016,NA,Secondary,Jupiter,NA,NA,NA,0.029522364014076,5.3140255225336,8.24925655028653E-12,1.26315789473684E-11,0.157669356452946,5729346737465006
S/2016 J 1,FALSE,20651000,0,0,0.141,139.8,1,0,0,0.5,0,0,0,NA,602.7,0,06/06/2017,2.4E+016,NA,Secondary,Jupiter,NA,NA,NA,0.033719553532517,6.06951963585299,5.15578534392908E-13,1.26315789473684E-11,0.138043408661966,7474262510735348
Valetudo,FALSE,18980000,0,0,0.222,34,1,0,0,0.5,0,0,0,NA,533,0,17/07/2018,2.4E+016,NA,Secondary,Jupiter,NA,NA,NA,0.036688224446786,6.6038804004215,5.15578534392908E-13,1.26315789473684E-11,0.126873463580655,8848264658822276
S/2017 J 2,FALSE,23303000,0,0,0.236,166.4,1,0,0,1,0,0,0,NA,723,0,17/07/2018,2.4E+016,NA,Secondary,Jupiter,NA,NA,NA,0.029882118182208,5.37878127279749,2.06231413757163E-12,1.26315789473684E-11,0.155770933710222,5869847929471585
S/2017 J 3,FALSE,20694000,0,0,0.148,147.9,1,0,0,1,0,0,0,NA,606,0,17/07/2018,2.4E+016,NA,Secondary,Jupiter,NA,NA,NA,0.033649511935827,6.05691214844883,2.06231413757163E-12,1.26315789473684E-11,0.138330845908223,7443233287106161
Pandia,FALSE,11525000,0,0,0.18,28.2,1,0,0,1.5,0,0,0,NA,252,0,17/07/2018,2.4E+016,NA,Secondary,Jupiter,NA,NA,NA,0.060420260303688,10.8756468546638,4.64020680953618E-12,1.26315789473684E-11,0.077039866584144,2.39976465384597E+016
S/2017 J 5,FALSE,23232000,0,0,0.284,164.3,1,0,0,1,0,0,0,NA,719,0,17/07/2018,2.4E+016,NA,Secondary,Jupiter,NA,NA,NA,0.029973441804408,5.39521952479339,2.06231413757163E-12,1.26315789473684E-11,0.155296328024541,5905780783985612
S/2017 J 6,FALSE,22455000,0,0,0.557,155.2,1,0,0,1,0,0,0,NA,683,0,17/07/2018,2.4E+016,NA,Secondary,Jupiter,NA,NA,NA,0.031010598975729,5.58190781563126,2.06231413757163E-12,1.26315789473684E-11,0.150102403830538,6321561998784179
S/2017 J 7,FALSE,20627000,0,0,0.215,143.4,1,0,0,1,0,0,0,NA,603,0,17/07/2018,2.4E+016,NA,Secondary,Jupiter,NA,NA,NA,0.033758811266786,6.07658602802153,2.06231413757163E-12,1.26315789473684E-11,0.137882978571031,7491665590002511
S/2017 J 8,FALSE,23233000,0,0,0.312,164.7,1,0,0,0.5,0,0,0,NA,720,0,17/07/2018,2.4E+016,NA,Secondary,Jupiter,NA,NA,NA,0.029972130159687,5.3949834287436,5.15578534392908E-13,1.26315789473684E-11,0.155303012611663,5905272399043071
S/2017 J 9,FALSE,21487000,0,0,0.229,152.7,1,0,0,1.5,0,0,0,NA,639,0,17/07/2018,2.4E+016,NA,Secondary,Jupiter,NA,NA,NA,0.032407665099828,5.833379717969,4.64020680953618E-12,1.26315789473684E-11,0.143631723496182,6903970909610359
Ersa,FALSE,11483000,0,0,0.094,30.6,1,0,0,1.5,0,0,0,NA,252,0,17/07/2018,2.4E+016,NA,Secondary,Jupiter,NA,NA,NA,0.060641252285988,10.9154254114778,4.64020680953618E-12,1.26315789473684E-11,0.076759113925009,2.417351423759E+016
Ultima Thule,FALSE,6633400000,0,0,0,0,1,0,0,33,0,0,0,39x37x25,2.74,0,26/06/2014,2.4E+016,NA,Primary,Earth	,NA,NA,NA,0.000104980100703,0.018896418126451,2.24586009581551E-09,1.26315789473684E-11,44.3415402168555,72439950948.4428
101955 Bennu,FALSE,168400000,0,0,0,0,1,0,0,33,0,0,0,39x37x25,2.74,0,11/09/1999,2.4E+016,NA,Primary,Mars,NA,NA,NA,0.004135243467934,0.744343824228028,2.24586009581551E-09,1.26315789473684E-11,1.12568447139001,112400009027257
